t,S,E,I,R,D
0.0,980,10,10,0,0
0.006725558218122726,980,9,11,0,0
0.05119177102778996,979,9,11,0,1
0.05906537455423076,978,10,11,0,1
0.19698512738951407,977,10,11,0,2
0.1989115084489835,976,11,11,0,2
0.20107903287397982,975,11,11,0,3
0.22408447305060308,974,11,11,0,4
0.24409987776459727,973,11,11,0,5
0.26288530913958225,972,12,11,0,5
0.2981759159855008,973,12,11,0,5
0.3458900132522436,974,12,11,0,5
0.36072946654570864,973,12,11,0,6
0.36094782639229206,973,11,12,0,6
0.38139805740433735,972,11,12,0,7
0.3969545435102461,973,11,12,0,7
0.4187381648895242,973,11,11,1,7
0.42956398533862933,974,11,11,1,7
0.4495479569725779,974,10,12,1,7
0.45704075115651627,974,10,11,2,7
0.47573574164364124,973,10,11,2,8
0.5671314890205206,974,10,11,2,8
0.6447669759460765,974,9,12,2,8
0.6573867144627894,975,9,12,2,8
0.7009133546976586,975,9,11,3,8
0.7062931356358362,974,10,11,3,8
0.9136460307932821,974,10,10,4,8
0.92057780551253,973,10,10,4,9
0.9234407158066461,972,10,10,4,10
0.9650539052661816,971,11,10,4,10
1.0790881015937521,970,12,10,4,10
1.1098209128515013,970,11,11,4,10
1.1308330857972608,971,11,11,4,10
1.1424651641067822,970,12,11,4,10
1.152909716015135,971,12,11,4,10
1.1832387340349573,972,12,11,4,10
1.1984502856556076,971,13,11,4,10
1.2091296955120514,972,13,11,4,10
1.2128327759583175,972,12,12,4,10
1.228900258475913,973,12,12,4,10
1.2800719506854963,973,11,13,4,10
1.296111509139354,974,11,13,4,10
1.3082779501442605,974,11,12,5,10
1.4396902140349295,973,11,12,5,11
1.4533219652887959,972,12,12,5,11
1.5186488546902284,971,12,12,5,12
1.528342175445111,970,12,12,5,13
1.6253367363212514,970,12,11,6,13
1.6346663724270256,969,13,11,6,13
1.6512984342648294,968,13,11,6,14
1.6875786507545443,967,13,11,6,15
1.708356147480217,967,12,12,6,15
1.7162183305560266,967,12,11,7,15
1.7420698526210707,966,13,11,7,15
1.933162587585806,965,13,11,7,16
1.9398339874011576,965,12,12,7,16
1.9463439793690267,965,11,13,7,16
1.9610525626036701,964,11,13,7,17
1.9663738873688072,964,10,14,7,17
1.994312957926876,963,11,14,7,17
1.9995822727336794,962,12,14,7,17
2.0046044324168824,963,12,14,7,17
2.0072083307065958,964,12,14,7,17
2.095417758679304,963,13,14,7,17
2.129874753878375,962,13,14,7,18
2.1378005548605947,962,13,13,8,18
2.1777127220678407,961,13,13,8,19
2.1991238628117795,960,13,13,8,20
2.2100567822912467,959,13,13,8,21
2.216617878616037,958,14,13,8,21
2.2305738508789066,959,14,13,8,21
2.2491389417116983,960,14,13,8,21
2.2667241216276475,960,13,14,8,21
2.317542680360524,959,13,14,8,22
2.33273544420162,959,13,13,9,22
2.338189629108632,959,12,14,9,22
2.367523016749077,958,12,14,9,23
2.388152428386798,959,12,14,9,23
2.4792670235389966,960,12,14,9,23
2.504644705980722,961,12,14,9,23
2.5503517683148673,960,12,14,9,24
2.5623808454827794,959,13,14,9,24
2.5663370339658256,958,13,14,9,25
2.5665500293605206,958,13,13,10,25
2.572495257798338,959,13,13,10,25
2.5828492218301116,958,13,13,10,26
2.5885476842284474,957,14,13,10,26
2.686160289236048,957,14,12,11,26
2.687739306596044,957,14,11,12,26
2.704496854665078,956,14,11,12,27
2.7119939999190392,955,14,11,12,28
2.7702908990043875,954,14,11,12,29
2.789440501950361,954,13,12,12,29
2.86185764636131,954,12,13,12,29
2.892830647487547,954,12,12,13,29
3.076983434688252,954,12,11,14,29
3.089021748432581,953,12,11,14,30
3.1244446512935062,952,13,11,14,30
3.2445151619680384,951,13,11,14,31
3.259239571741394,951,13,10,15,31
3.274512186445186,951,12,11,15,31
3.2879622500268058,951,11,12,15,31
3.429430493021775,951,10,13,15,31
3.564746729013382,950,10,13,15,32
3.656645145928969,949,11,13,15,32
3.7405832078833563,948,11,13,15,33
3.7949206061739447,948,10,14,15,33
3.797362664319122,949,10,14,15,33
3.8253656364881863,950,10,14,15,33
3.8457825353891457,950,9,15,15,33
3.8517512944382664,949,10,15,15,33
3.8688613696631595,948,10,15,15,34
3.901458307290177,947,10,15,15,35
3.924142215682591,948,10,15,15,35
3.930016781608283,947,11,15,15,35
4.0538813729195455,946,12,15,15,35
4.05443390767409,945,13,15,15,35
4.06521860426453,944,14,15,15,35
4.0890236936634965,944,13,16,15,35
4.132432560968245,943,14,16,15,35
4.139688670317092,942,14,16,15,36
4.14527158486073,943,14,16,15,36
4.146209255783863,942,14,16,15,37
4.21168160812893,941,14,16,15,38
4.229981385245094,941,14,15,16,38
4.238857768566152,940,15,15,16,38
4.247728217867299,939,15,15,16,39
4.258422964440817,939,15,14,17,39
4.304455142383123,938,15,14,17,40
4.380639483131197,937,15,14,17,41
4.430529763385056,936,16,14,17,41
4.448811907485692,935,17,14,17,41
4.474551343395669,935,16,15,17,41
4.481488810418772,935,15,16,17,41
4.5074945290862365,934,15,16,17,42
4.512428019291172,933,15,16,17,43
4.518315340061553,934,15,16,17,43
4.5211977976375675,933,16,16,17,43
4.558636498213243,932,16,16,17,44
4.574262156685441,931,17,16,17,44
4.596576134304684,931,16,17,17,44
4.602335754483594,931,16,16,18,44
4.616928984010752,930,16,16,18,45
4.642813953494743,929,16,16,18,46
4.65083914728483,930,16,16,18,46
4.684548005193509,930,16,15,19,46
4.7943305900642335,929,16,15,19,47
4.817391473371427,928,16,15,19,48
4.821108121918664,928,16,14,20,48
4.885482648508843,929,16,14,20,48
4.892398720588357,929,15,15,20,48
4.892840417562234,929,15,14,21,48
4.909504638374946,929,15,13,22,48
4.947935856608183,928,16,13,22,48
4.965905637200463,928,15,14,22,48
5.011238978443255,929,15,14,22,48
5.123632186176603,929,14,15,22,48
5.13353127370609,928,14,15,22,49
5.162166527273068,927,14,15,22,50
5.204853848787437,926,14,15,22,51
5.223554864571394,925,14,15,22,52
5.231041773347032,926,14,15,22,52
5.235948083550263,925,14,15,22,53
5.249010087748009,924,14,15,22,54
5.391227930169547,925,14,15,22,54
5.393038592015527,925,13,16,22,54
5.410403491998785,924,14,16,22,54
5.425373578801585,925,14,16,22,54
5.447922006607136,924,15,16,22,54
5.455300946630686,925,15,16,22,54
5.465529095923331,925,14,16,22,55
5.467978338163857,924,14,16,22,56
5.4737019902128585,923,14,16,22,57
5.476894693443012,924,14,16,22,57
5.499562537012548,924,13,17,22,57
5.513912866632072,925,13,17,22,57
5.519343894584266,924,13,17,22,58
5.533384442371138,924,12,18,22,58
5.602845842420658,925,12,18,22,58
5.604913226139753,925,11,19,22,58
5.631543258338135,924,12,19,22,58
5.636111097213584,923,13,19,22,58
5.673632420416151,923,12,20,22,58
5.675742648875193,924,12,20,22,58
5.68514499622139,923,12,20,22,59
5.6912571183127705,922,13,20,22,59
5.691402550605773,922,12,21,22,59
5.696898884041613,922,11,22,22,59
5.739774325397106,921,12,22,22,59
5.741444699182251,921,12,21,23,59
5.762891943392797,920,13,21,23,59
5.776527015871914,919,14,21,23,59
5.790140555225685,918,15,21,23,59
5.89888020532388,917,15,21,23,60
5.9056126243946485,917,14,22,23,60
5.985306004010977,916,15,22,23,60
6.004220333208187,917,15,22,23,60
6.015407411609751,916,16,22,23,60
6.0340861420664424,916,15,23,23,60
6.06134856801283,917,15,23,23,60
6.068328974438232,918,15,23,23,60
6.09746474720168,918,15,22,24,60
6.106633254543953,919,15,22,24,60
6.13124292556507,918,16,22,24,60
6.1398835680534996,917,17,22,24,60
6.182389896071207,917,17,22,23,61
6.227861845657897,918,17,22,23,61
6.229872868253781,918,16,23,23,61
6.233142436812407,918,15,24,23,61
6.235099688474778,917,15,24,23,62
6.275950538734463,916,15,24,23,63
6.325183994135494,915,15,24,23,64
6.363780040177441,914,16,24,23,64
6.376409114061777,913,17,24,23,64
6.380427208061482,912,17,24,23,65
6.404145849403541,912,17,23,24,65
6.503481761583641,913,17,23,24,65
6.520792977702623,913,17,22,25,65
6.583119330616333,912,18,22,25,65
6.600175832612258,911,18,22,25,66
6.606240299511061,910,19,22,25,66
6.624045554553143,911,19,22,25,66
6.644739900750034,912,19,22,25,66
6.764733207770574,911,19,22,25,67
6.7691386241816165,911,18,23,25,67
6.7843815183187415,911,17,24,25,67
6.794332901640693,912,17,24,25,67
6.812886544527855,912,16,25,25,67
6.848441254022532,912,16,24,26,67
6.889124162836587,911,17,24,26,67
6.895842153341798,911,17,23,27,67
6.927377836122998,910,17,23,27,68
6.929926168127753,911,17,23,27,68
6.941694026198144,911,16,24,27,68
6.949801718726446,911,16,24,26,69
6.9569896523851975,910,17,24,26,69
6.985997706889173,911,17,24,26,69
7.01407249623133,912,17,24,26,69
7.019572407403164,913,17,24,26,69
7.027084406861058,912,18,24,26,69
7.03094803415934,912,18,23,27,69
7.112666969398247,911,19,23,27,69
7.119526658083791,912,19,23,27,69
7.124888216470109,913,19,23,27,69
7.132458164390508,912,20,23,27,69
7.143283917415871,912,19,24,27,69
7.170756630610302,913,19,24,27,69
7.202871410507316,912,20,24,27,69
7.247171610803202,911,21,24,27,69
7.2791711516704805,911,21,23,28,69
7.299647150039582,910,21,23,28,70
7.315059984264415,909,21,23,28,71
7.320487476188983,909,20,24,28,71
7.323565409172951,908,20,24,28,72
7.325526444233602,908,19,25,28,72
7.341774960161545,908,18,26,28,72
7.345978422698909,907,18,26,28,73
7.373898223026818,908,18,26,28,73
7.496417861476947,908,18,25,29,73
7.512146753450542,909,18,25,29,73
7.545786238841108,910,18,25,29,73
7.586578522336805,909,19,25,29,73
7.589068099116112,908,20,25,29,73
7.608866506986065,907,21,25,29,73
7.678623929391758,907,20,26,29,73
7.693554909116185,907,19,27,29,73
7.762462668003493,907,19,26,30,73
7.813700926158298,906,19,26,30,74
7.834365711467512,906,19,25,31,74
7.872152830054958,907,19,25,31,74
7.905916134436199,906,20,25,31,74
7.9312785853538115,906,19,26,31,74
7.972957784813127,907,19,26,31,74
7.9826210034774885,908,19,26,31,74
7.986371940314441,908,19,25,32,74
7.996114275029802,908,19,24,33,74
8.031082140554329,908,19,23,34,74
8.041685308786867,907,19,23,34,75
8.063856469299775,907,18,24,34,75
8.089189133517777,907,17,25,34,75
8.106361953061723,907,17,25,33,76
8.129090554351174,907,17,24,34,76
8.139217877665065,906,18,24,34,76
8.16159393214316,905,19,24,34,76
8.168859415918716,905,18,25,34,76
8.208675325152806,905,17,26,34,76
8.223030585002396,905,17,25,35,76
8.271570419008727,904,17,25,35,77
8.30903730354184,903,18,25,35,77
8.31195579508444,902,18,25,35,78
8.312008515649207,902,18,24,36,78
8.33057653979126,902,18,23,37,78
8.365138730077227,902,17,24,37,78
8.393906101525452,901,18,24,37,78
8.396711137267339,901,18,23,38,78
8.467058841487939,900,19,23,38,78
8.469278080395005,899,19,23,38,79
8.509003341455571,898,19,23,38,80
8.533050304610075,898,19,22,39,80
8.546700890946356,897,20,22,39,80
8.553460623542133,896,21,22,39,80
8.555375283639748,897,21,22,39,80
8.590162064766393,896,22,22,39,80
8.60319880006839,895,22,22,39,81
8.620293003405388,894,22,22,39,82
8.620847246577595,894,22,22,38,83
8.695366835566976,894,21,23,38,83
8.723192487359166,894,20,24,38,83
8.745107320023568,894,20,24,37,84
8.779626874678744,893,20,24,37,85
8.795452237974018,892,20,24,37,86
8.822391497380702,891,20,24,37,87
8.827659394938513,890,21,24,37,87
8.832877015974326,890,21,23,38,87
8.839154636873555,890,20,24,38,87
8.839155809143103,890,19,25,38,87
8.872965628023529,891,19,25,38,87
8.892257986368866,890,19,25,38,88
8.892934768383999,890,18,26,38,88
8.952183589783333,891,18,26,38,88
8.9870286889955,891,18,25,39,88
9.002229239186413,891,17,26,39,88
9.002835629911532,890,18,26,39,88
9.029618584417364,890,18,25,40,88
9.071921169872052,890,17,26,40,88
9.072994727986831,889,18,26,40,88
9.149803214217378,888,19,26,40,88
9.178398138251891,888,18,27,40,88
9.211651542709877,889,18,27,40,88
9.21323217451035,889,18,26,41,88
9.286364639770307,888,18,26,41,89
9.289190976957162,887,19,26,41,89
9.306552012848293,886,19,26,41,90
9.483548851044226,886,18,27,41,90
9.494052700328911,886,18,26,42,90
9.502987501747109,885,18,26,42,91
9.528554075506243,886,18,26,42,91
9.537535001317044,885,18,26,42,92
9.555014503279876,884,18,26,42,93
9.674704033431082,883,18,26,42,94
9.678001569564781,883,17,27,42,94
9.679306087947683,883,16,28,42,94
9.727422047414452,882,17,28,42,94
9.731828344847727,882,16,29,42,94
9.753270173049277,881,17,29,42,94
9.791208299717706,881,16,30,42,94
9.832995389155114,880,17,30,42,94
9.85053260723785,879,18,30,42,94
9.870552851265145,878,18,30,42,95
9.904843628267312,878,17,31,42,95
9.906136319433095,878,16,32,42,95
9.92505006562333,878,16,31,43,95
9.953008010539339,877,17,31,43,95
10.007623654760467,877,16,32,43,95
10.00801019601619,876,17,32,43,95
10.012743667629328,876,16,33,43,95
10.048270201249078,875,16,33,43,96
10.070828394469425,875,15,34,43,96
10.07871024526122,874,15,34,43,97
10.087189640866471,873,15,34,43,98
10.097574759288623,873,14,35,43,98
10.103634096557421,873,14,34,44,98
10.117793403730948,872,14,34,44,99
10.169282536574803,871,14,34,44,100
10.170692023652583,871,14,33,45,100
10.17569250048968,870,15,33,45,100
10.208711656975451,869,16,33,45,100
10.255421519895695,869,15,34,45,100
10.269237047218237,868,16,34,45,100
10.27369086730845,868,16,33,46,100
10.275876060215802,867,17,33,46,100
10.381130744026356,868,17,33,46,100
10.386769953667706,869,17,33,46,100
10.39090893604651,868,17,33,46,101
10.418840511293478,867,18,33,46,101
10.432243829203456,866,18,33,46,102
10.440105550372056,866,17,34,46,102
10.451961825266766,865,17,34,46,103
10.46733211492743,864,17,34,46,104
10.471856494585836,864,16,35,46,104
10.475239217845612,864,16,34,47,104
10.49169152839281,864,15,35,47,104
10.496728295178482,864,14,36,47,104
10.534231731298599,864,14,35,48,104
10.56100977655649,863,15,35,48,104
10.625202389943828,863,14,36,48,104
10.6263675200025,863,14,35,49,104
10.637169900113319,862,15,35,49,104
10.643354743120067,861,15,35,49,105
10.667244251737207,860,16,35,49,105
10.702809349786648,859,17,35,49,105
10.70898296714708,858,18,35,49,105
10.72245473794465,857,19,35,49,105
10.739334795653763,857,18,36,49,105
10.739772618199707,856,18,36,49,106
10.76619274789098,856,18,35,50,106
10.790854589880201,857,18,35,50,106
10.803276762878124,857,17,36,50,106
10.84657918376283,857,16,37,50,106
10.88277323483877,857,16,36,51,106
10.928332165041859,856,16,36,51,107
10.940772910155022,855,16,36,51,108
10.965523106694993,854,17,36,51,108
11.131273316101181,854,16,37,51,108
11.133278186089518,854,15,38,51,108
11.252464722855207,853,15,38,51,109
11.271264458652713,853,15,37,52,109
11.274716484380793,852,15,37,52,110
11.302012984341662,852,15,36,53,110
11.343326355745212,852,15,35,54,110
11.390836746843334,851,16,35,54,110
11.424325927134456,852,16,35,54,110
11.431612591934211,852,16,34,55,110
11.448880262731594,851,17,34,55,110
11.470972117105347,850,18,34,55,110
11.497493460047462,849,19,34,55,110
11.546208320441812,848,19,34,55,111
11.581406575655972,848,18,35,55,111
11.590410995506334,848,17,36,55,111
11.59951321077739,847,17,36,55,112
11.602597897907057,846,17,36,55,113
11.611369949563032,845,18,36,55,113
11.632021145035848,845,17,37,55,113
11.634864405335811,845,17,36,56,113
11.684867844881603,845,16,37,56,113
11.711085088129357,846,16,37,56,113
11.737780823303783,845,17,37,56,113
11.74267262684129,846,17,37,56,113
11.750194045809158,846,17,36,56,114
11.770731662605858,847,17,36,56,114
11.795236210466514,846,17,36,56,115
11.817159126111507,845,18,36,56,115
11.820435301338737,845,17,37,56,115
11.841881996098515,845,16,38,56,115
11.890990178068058,844,17,38,56,115
11.999051612589055,844,17,38,55,116
12.027873368043629,843,17,38,55,117
12.036889734384747,843,16,39,55,117
12.06833257598531,843,16,38,56,117
12.090609220457562,843,16,37,57,117
12.165508271999157,842,16,37,57,118
12.177453109908585,841,17,37,57,118
12.197271244475582,840,18,37,57,118
12.204794604812935,841,18,37,57,118
12.217376845567774,840,18,37,57,119
12.22255085522186,840,17,38,57,119
12.230787034186614,840,16,39,57,119
12.242215618250624,839,17,39,57,119
12.242330278222324,839,17,38,58,119
12.261146802392595,838,18,38,58,119
12.265547653942257,837,19,38,58,119
12.272592604677573,836,19,38,58,120
12.29019092058097,836,18,39,58,120
12.30070152980948,835,18,39,58,121
12.365884756001122,835,17,40,58,121
12.403051763632627,834,18,40,58,121
12.41135973842198,834,18,40,57,122
12.469091347447499,834,17,41,57,122
12.473828935939919,834,17,40,58,122
12.499580661148947,833,18,40,58,122
12.507602654525341,833,17,40,58,123
12.509088737276594,832,18,40,58,123
12.552569369281331,831,18,40,58,124
12.577121358355377,831,17,41,58,124
12.57883833043915,831,16,42,58,124
12.594278047007718,832,16,42,58,124
12.615857080770219,832,16,41,59,124
12.626379299071738,831,16,41,59,125
12.679111078263839,832,16,41,59,125
12.687762721322727,831,17,41,59,125
12.696436496270369,831,17,41,58,126
12.704159618210822,832,17,41,58,126
12.70554406593408,831,18,41,58,126
12.721146060162651,832,18,41,58,126
12.727469828312252,831,18,41,58,127
12.731012566426491,830,19,41,58,127
12.739741482906583,829,19,41,58,128
12.749706957866799,828,19,41,58,129
12.762385880082372,829,19,41,58,129
12.826200500333327,830,19,41,58,129
12.833881284029674,830,18,42,58,129
12.839161071309565,830,17,43,58,129
12.840830879719563,830,17,42,59,129
12.842841241577243,829,17,42,59,130
12.847169888616822,828,18,42,59,130
12.872000477412719,827,19,42,59,130
12.87680950252224,826,19,42,59,131
12.885341114019635,825,20,42,59,131
12.94726756278533,826,20,42,59,131
12.94982314196088,825,21,42,59,131
12.954153514844661,824,22,42,59,131
12.985019835803689,824,22,41,60,131
13.024416036526127,825,22,41,60,131
13.041392552034289,824,22,41,60,132
13.077482425976912,823,23,41,60,132
13.10829601210154,823,23,40,61,132
13.122499437752499,823,22,41,61,132
13.126610161728996,822,23,41,61,132
13.137035026014196,821,24,41,61,132
13.142712154532742,820,25,41,61,132
13.143115199969582,819,26,41,61,132
13.166814834310488,819,25,42,61,132
13.176344467605173,819,24,43,61,132
13.185639939612296,818,25,43,61,132
13.188486762682068,818,24,44,61,132
13.209782647350188,817,25,44,61,132
13.214785446137281,817,24,45,61,132
13.233027402270588,816,25,45,61,132
13.237984721116067,816,25,44,62,132
13.238583076700596,815,26,44,62,132
13.250536459687643,815,26,43,63,132
13.254530470920189,816,26,43,63,132
13.279818753957871,816,25,44,63,132
13.327819392588143,816,25,43,64,132
13.328142946755733,815,25,43,64,133
13.372707920476467,814,26,43,64,133
13.377520012558595,814,25,44,64,133
13.396551188638458,813,26,44,64,133
13.402449527799654,812,27,44,64,133
13.42890033703148,812,26,45,64,133
13.43107261262756,812,25,46,64,133
13.462351252152821,811,26,46,64,133
13.476427595096348,811,25,47,64,133
13.501558427286255,811,25,46,64,134
13.50396278449398,810,26,46,64,134
13.510267858351863,810,25,47,64,134
13.510890114014334,811,25,47,64,134
13.528074548674093,811,25,46,65,134
13.534628393529482,810,26,46,65,134
13.594867942179508,809,27,46,65,134
13.61923915599582,809,26,47,65,134
13.625675383054928,809,26,46,66,134
13.669119018103993,809,25,47,66,134
13.680468548844296,809,24,48,66,134
13.7056965144453,808,25,48,66,134
13.706793650292473,808,24,49,66,134
13.719593457050884,808,23,50,66,134
13.72918601694594,808,23,49,67,134
13.776559072424691,807,24,49,67,134
13.788140728040007,808,24,49,67,134
13.808924898904795,808,24,48,68,134
13.820856252910692,807,24,48,68,135
13.823504588144923,806,25,48,68,135
13.889833527017522,807,25,48,68,135
13.889914312525214,807,24,49,68,135
13.906174737938985,806,25,49,68,135
13.913790545915484,807,25,49,68,135
13.914222373332274,807,24,50,68,135
13.924362555712571,806,25,50,68,135
13.951751971557355,805,26,50,68,135
13.960653495735512,804,27,50,68,135
13.96634230796701,804,27,49,68,136
13.986641117430873,804,26,50,68,136
13.992908067342944,804,26,49,69,136
13.994944347292929,803,27,49,69,136
14.005232127773622,802,28,49,69,136
14.048620989812283,802,27,50,69,136
14.059149207102909,802,27,49,70,136
14.059203080723956,801,28,49,70,136
14.07638688785381,801,27,50,70,136
14.085991357352654,801,26,51,70,136
14.087919509446841,800,27,51,70,136
14.111712900119471,799,27,51,70,137
14.159336312803259,798,28,51,70,137
14.162583992102528,799,28,51,70,137
14.162844091047056,799,28,50,71,137
14.175876863001521,799,28,49,72,137
14.18456592644705,798,29,49,72,137
14.21039468470583,797,30,49,72,137
14.246172483263862,797,30,48,73,137
14.268776793499757,798,30,48,73,137
14.27621626363458,797,31,48,73,137
14.291486026437969,796,32,48,73,137
14.311026409376773,795,33,48,73,137
14.319528254485068,794,34,48,73,137
14.347402460112669,793,35,48,73,137
14.348234238391866,793,34,49,73,137
14.378213659646395,793,33,50,73,137
14.37977304656288,792,34,50,73,137
14.414179270943182,791,35,50,73,137
14.41805171696209,791,35,49,74,137
14.421927318938385,791,34,50,74,137
14.435390749723176,791,33,51,74,137
14.5430826751054,790,34,51,74,137
14.611260615748861,790,33,52,74,137
14.632258706927859,790,32,53,74,137
14.642596776919852,789,32,53,74,138
14.665305830207581,789,31,54,74,138
14.667018335929445,789,31,53,75,138
14.685346589762782,789,30,54,75,138
14.6926055370351,789,29,55,75,138
14.695752318827655,789,28,56,75,138
14.703340531988054,788,29,56,75,138
14.703714581834763,788,29,55,76,138
14.740799887555884,788,29,54,77,138
14.74306118653989,788,29,53,78,138
14.789940529402882,789,29,53,78,138
14.799847319532994,789,29,52,79,138
14.807110343640623,789,28,53,79,138
14.835210328000501,789,27,54,79,138
14.852076019202652,789,27,53,80,138
14.860921424383033,789,26,54,80,138
14.86329438761206,788,27,54,80,138
14.894844584499435,789,27,54,80,138
14.902707866391156,788,28,54,80,138
14.976381465436043,787,29,54,80,138
14.986788188120164,787,28,55,80,138
14.990205823384208,786,29,55,80,138
14.999788241724405,785,29,55,80,139
15.0,471,29,55,394,139
15.014640845267163,470,30,55,394,139
15.014868554861085,469,31,55,394,139
15.044693259139313,469,30,56,394,139
15.049270112403981,469,29,57,394,139
15.054907845672508,468,30,57,394,139
15.080659778643518,467,31,57,394,139
15.081518698769576,467,31,56,395,139
15.102283087646978,466,31,56,395,140
15.108325011701972,465,32,56,395,140
15.141270115433594,464,32,56,395,141
15.15067531499926,464,31,57,395,141
15.156240536376327,465,31,57,395,141
15.159398137651054,464,32,57,395,141
15.16457134631153,463,32,57,395,142
15.186548432997316,463,31,58,395,142
15.204362994489445,462,32,58,395,142
15.225732643454862,462,32,57,396,142
15.238122657777922,462,32,56,397,142
15.259847033972992,461,32,56,397,143
15.272677403171564,461,31,57,397,143
15.292147589696135,461,30,58,397,143
15.312987521646082,462,30,58,397,143
15.32619026764407,462,29,59,397,143
15.331807405904955,463,29,59,397,143
15.342394585335557,463,28,60,397,143
15.444862327148833,463,27,61,397,143
15.453094416333682,463,26,62,397,143
15.488514968954394,463,25,63,397,143
15.50006564471024,462,26,63,397,143
15.502197718623753,461,27,63,397,143
15.519570020125665,462,27,63,397,143
15.544131771137069,462,27,62,398,143
15.603526241554043,461,28,62,398,143
15.647277548355929,461,27,63,398,143
15.652776801259868,460,28,63,398,143
15.668045642620825,460,27,64,398,143
15.75225942374228,460,27,63,399,143
15.814446383263405,459,28,63,399,143
15.81760209279554,459,28,62,400,143
15.826966210396575,458,29,62,400,143
15.83925459650607,458,29,61,401,143
15.846627456863224,457,30,61,401,143
15.855576441009188,457,29,62,401,143
15.87768017714191,456,30,62,401,143
15.885176491750105,456,29,63,401,143
15.922277233430583,455,30,63,401,143
15.969343454457093,455,29,64,401,143
15.98048849690595,455,29,64,400,144
15.998128321855667,455,29,63,401,144
15.999458191506259,454,29,63,401,145
16.084481168449276,454,28,64,401,145
16.105553706609015,453,29,64,401,145
16.12962544920096,452,30,64,401,145
16.156171022202816,452,29,65,401,145
16.168169199107908,452,29,64,402,145
16.1698747408382,452,28,65,402,145
16.176700810677545,452,28,64,403,145
16.195831413301747,452,28,64,402,146
16.20550372534227,452,27,65,402,146
16.216524228354455,452,27,64,403,146
16.226680012550457,452,26,65,403,146
16.22982254861026,452,25,66,403,146
16.24077411902254,451,26,66,403,146
16.26748464958141,450,27,66,403,146
16.268871890345547,449,27,66,403,147
16.348080453813285,449,26,67,403,147
16.34885917318927,449,25,68,403,147
16.354023866992765,450,25,68,403,147
16.360384277557824,450,25,68,402,148
16.388591659365254,449,25,68,402,149
16.392194793870416,448,26,68,402,149
16.397216036436237,448,26,67,402,150
16.398476466280172,448,26,67,401,151
16.419636432841354,448,25,68,401,151
16.424774877770734,448,25,67,402,151
16.45058698616078,448,24,68,402,151
16.462033521212675,448,24,67,403,151
16.479388878245597,447,25,67,403,151
16.488400212458462,447,25,66,404,151
16.498859652878338,447,24,66,404,152
16.512781206740634,447,24,65,405,152
16.519341910053758,446,25,65,405,152
16.539420346342624,445,26,65,405,152
16.563173423845896,446,26,65,405,152
16.567334162625457,446,26,64,406,152
16.596465321755083,446,26,63,407,152
16.597051737048787,445,27,63,407,152
16.611218157838593,445,26,64,407,152
16.618229494437397,444,27,64,407,152
16.62213723602582,444,27,63,408,152
16.666389637360027,443,27,63,408,153
16.67722268520958,442,28,63,408,153
16.704662299712584,442,28,63,407,154
16.71947449018481,442,28,63,406,155
16.7540261356094,442,27,64,406,155
16.756637509051927,441,28,64,406,155
16.765644702711853,440,28,64,406,156
16.806449661023127,439,29,64,406,156
16.814265102252815,439,29,63,407,156
16.824483748906918,439,28,64,407,156
16.8284780712857,439,27,65,407,156
16.829158892370764,439,27,64,408,156
16.882832018356613,438,28,64,408,156
16.901936809754957,438,27,65,408,156
16.916756263410754,438,26,66,408,156
16.92985421920446,439,26,66,408,156
16.936617637355408,439,25,67,408,156
16.938386827733208,439,24,68,408,156
16.945133788210356,439,24,67,409,156
16.957303152855218,439,24,66,409,157
16.957389285629322,440,24,66,409,157
16.95804149931864,439,25,66,409,157
16.958128116717834,439,24,67,409,157
16.979927086757986,439,24,66,410,157
16.991610544781135,439,24,65,411,157
16.99534621770355,439,24,64,412,157
17.003091069615092,439,23,65,412,157
17.01859226631755,439,23,65,411,158
17.020860997226965,438,24,65,411,158
17.024476229111222,438,24,64,412,158
17.02922795482926,438,24,63,413,158
17.03339703352523,437,24,63,413,159
17.063788067827797,436,25,63,413,159
17.086127928078152,437,25,63,413,159
17.09110749575283,438,25,63,413,159
17.099788406453435,437,26,63,413,159
17.114870210803993,437,26,63,412,160
17.115373078899726,437,25,64,412,160
17.11945846213925,438,25,64,412,160
17.122255044164394,438,24,65,412,160
17.137545678784427,438,24,64,413,160
17.14145906598834,438,24,63,414,160
17.150148310459393,438,24,62,415,160
17.161062472065865,438,23,63,415,160
17.163013105285703,437,23,63,415,161
17.177296668566704,436,24,63,415,161
17.18064552748544,436,23,64,415,161
17.186118483528666,436,22,65,415,161
17.263979577970947,435,23,65,415,161
17.264707450533695,434,24,65,415,161
17.2692413916888,433,24,65,415,162
17.27307405670744,434,24,65,415,162
17.277707161137915,434,24,64,416,162
17.309485437703138,434,24,63,417,162
17.314348497040616,434,23,64,417,162
17.322606901772495,434,22,65,417,162
17.34098168427076,433,23,65,417,162
17.35260750939557,434,23,65,417,162
17.389157708245193,434,22,66,417,162
17.39054119442478,433,22,66,417,163
17.39501592238884,433,21,67,417,163
17.43225479553338,433,20,68,417,163
17.46289021141219,432,21,68,417,163
17.51810474473697,432,21,67,418,163
17.519417852867882,432,21,67,417,164
17.549995328271827,432,21,67,416,165
17.563120151413194,432,20,68,416,165
17.584280334196006,432,19,69,416,165
17.588656915331985,431,20,69,416,165
17.595338493763997,431,20,68,417,165
17.59963071035149,430,21,68,417,165
17.606218740494782,431,21,68,417,165
17.615441670387565,430,22,68,417,165
17.619809614940742,430,21,69,417,165
17.642009129982007,429,22,69,417,165
17.662507677561113,428,23,69,417,165
17.684058372197757,427,23,69,417,166
17.687428681384684,427,23,68,418,166
17.69710205794734,426,24,68,418,166
17.72071265930523,427,24,68,418,166
17.7288292721014,426,24,68,418,167
17.741231852626907,425,25,68,418,167
17.76971820305291,425,24,69,418,167
17.77083974515918,424,25,69,418,167
17.771237194050876,425,25,69,418,167
17.77186410204439,425,25,68,419,167
17.783926631605834,424,25,68,419,168
17.791117180527134,424,25,68,418,169
17.82292452004013,423,26,68,418,169
17.829362619136628,422,26,68,418,170
17.85799676830689,421,27,68,418,170
17.873208930791588,420,28,68,418,170
17.90574456797351,420,28,68,417,171
17.941044242258673,419,29,68,417,171
17.950422105931526,418,30,68,417,171
17.98833063474805,418,29,69,417,171
17.993805701403218,418,29,68,418,171
18.02020758400877,418,28,69,418,171
18.05489611236538,417,28,69,418,172
18.066160005763845,416,29,69,418,172
18.07190914517722,415,30,69,418,172
18.091450071127223,415,30,68,419,172
18.0917129015342,415,29,69,419,172
18.11772120791074,415,29,68,420,172
18.12783438641112,415,29,67,421,172
18.14459692916855,415,28,68,421,172
18.146498100419027,414,29,68,421,172
18.19081588873228,413,30,68,421,172
18.20132582697017,412,31,68,421,172
18.24380159223839,411,32,68,421,172
18.248628280605082,411,31,69,421,172
18.27170315133033,411,30,70,421,172
18.30082206694217,411,29,71,421,172
18.31303621207214,411,29,71,420,173
18.32023980546568,410,29,71,420,174
18.32692342883785,409,30,71,420,174
18.35326210399641,408,30,71,420,175
18.360660887676858,408,29,72,420,175
18.37164981049964,407,30,72,420,175
18.383412204902168,407,29,73,420,175
18.418156793284737,406,30,73,420,175
18.41867985717484,407,30,73,420,175
18.468746611890527,406,31,73,420,175
18.47685808966736,406,31,72,421,175
18.50542885679756,406,31,71,421,176
18.51397848060097,406,30,72,421,176
18.52284535760146,406,30,72,420,177
18.53509320633666,406,29,73,420,177
18.54519692471333,406,28,74,420,177
18.55299931509563,406,28,74,419,178
18.556089974294235,405,29,74,419,178
18.562135241583714,404,30,74,419,178
18.570520486990713,404,30,73,420,178
18.58760361973174,403,30,73,420,179
18.59362859275761,403,30,72,421,179
18.62468317901047,403,30,71,422,179
18.62512508669652,402,30,71,422,180
18.645115694429272,402,30,70,423,180
18.660689937175942,402,30,69,424,180
18.667085898220172,402,30,68,425,180
18.67187038880939,402,30,67,426,180
18.69567161541525,401,31,67,426,180
18.700969363364965,401,31,67,425,181
18.719274897005793,401,31,66,426,181
18.734414579981706,400,32,66,426,181
18.742044810574782,400,32,66,425,182
18.753613491303224,399,32,66,425,183
18.770370057958992,398,32,66,425,184
18.79340867067905,398,32,65,426,184
18.804182171321557,398,32,64,427,184
18.829250422668295,399,32,64,427,184
18.83171722330607,398,33,64,427,184
18.831854945241652,397,33,64,427,185
18.862720332403484,397,32,65,427,185
18.876703974113155,397,32,64,428,185
18.889790517684684,397,32,63,428,186
18.90123166121719,397,32,62,429,186
18.90427451027957,396,33,62,429,186
18.939256688225214,397,33,62,429,186
18.943708320793252,396,33,62,429,187
18.963721793576596,396,33,62,428,188
18.972803489847863,396,32,63,428,188
19.011031686800255,397,32,63,428,188
19.046719430798728,397,31,64,428,188
19.047897427030136,397,31,63,429,188
19.059076206772854,397,30,64,429,188
19.084437073022613,397,29,65,429,188
19.112384264635804,397,28,66,429,188
19.113964564537067,398,28,66,429,188
19.116615048613355,399,28,66,429,188
19.21838821838304,398,29,66,429,188
19.218415297990152,398,28,67,429,188
19.22001827733684,398,28,66,430,188
19.24872013882025,398,28,66,429,189
19.259728702791115,398,28,65,430,189
19.282138114679633,397,28,65,430,190
19.29454354280295,396,28,65,430,191
19.295016291300975,395,29,65,430,191
19.30459583150394,395,28,66,430,191
19.320340889160054,395,28,65,431,191
19.34300808143406,394,28,65,431,192
19.368924800240013,395,28,65,431,192
19.388776923711163,395,28,64,432,192
19.390850352489164,395,27,65,432,192
19.410524587443668,395,27,64,433,192
19.439073298168804,394,28,64,433,192
19.43992517245808,393,29,64,433,192
19.447652953765225,392,29,64,433,193
19.49904409163119,391,30,64,433,193
19.501932756232932,391,30,64,432,194
19.50449838727546,391,30,63,433,194
19.51464352107295,390,31,63,433,194
19.514835673128715,390,30,64,433,194
19.529942144697817,389,31,64,433,194
19.539850058930718,389,31,63,434,194
19.54182839425668,389,31,62,435,194
19.5431884503157,389,31,61,436,194
19.560274622018632,389,31,60,436,195
19.56588182513116,389,31,59,437,195
19.592248804019032,388,32,59,437,195
19.609910926847714,387,33,59,437,195
19.673734299372406,386,34,59,437,195
19.69382927129345,385,34,59,437,196
19.70374786391926,385,33,60,437,196
19.705364125225028,385,33,60,436,197
19.709754933402305,385,32,61,436,197
19.71625750956206,385,32,60,437,197
19.74960403041314,385,31,61,437,197
19.752590617090956,385,31,61,436,198
19.758804475258785,385,31,60,437,198
19.75960287168024,385,30,61,437,198
19.787753891999223,384,31,61,437,198
19.809715119068613,384,31,60,438,198
19.826475238233666,383,31,60,438,199
19.831205181048226,384,31,60,438,199
19.832510661917294,383,32,60,438,199
19.841118838944585,383,31,61,438,199
19.84768683993356,382,32,61,438,199
19.86462118907131,382,31,62,438,199
19.880092769846872,382,31,61,439,199
19.90170707061269,382,31,60,440,199
19.927730378354536,381,32,60,440,199
19.954280264954132,381,32,59,441,199
19.975791616278656,380,33,59,441,199
19.983015404218925,380,33,58,442,199
19.99299373719791,380,33,57,443,199
20.001353486556972,379,34,57,443,199
20.108729291352816,379,34,56,444,199
20.13403192274946,378,35,56,444,199
20.140073387919625,377,36,56,444,199
20.150316271084392,376,37,56,444,199
20.17384084699507,375,38,56,444,199
20.178476719610856,375,37,57,444,199
20.22001642711479,375,37,56,445,199
20.22383745950174,375,37,56,444,200
20.344871185406753,375,37,55,445,200
20.39059598027149,375,37,54,446,200
20.411041171562402,374,38,54,446,200
20.420984039309605,373,39,54,446,200
20.432829753493937,373,39,54,445,201
20.437403489272175,373,39,53,446,201
20.440501314107077,373,39,52,447,201
20.464190724349187,373,39,51,448,201
20.470425258018906,373,38,52,448,201
20.488494111835962,373,38,51,449,201
20.498607960776564,373,37,52,449,201
20.54396958417871,373,36,53,449,201
20.576396862642135,373,35,54,449,201
20.577613832301463,373,34,55,449,201
20.627739271036372,373,34,54,450,201
20.646018312713455,373,33,55,450,201
20.669138451005967,373,33,54,451,201
20.674579801243283,373,32,55,451,201
20.682981320627654,372,32,55,451,202
20.69408740659514,372,32,54,452,202
20.694429747885152,372,32,54,451,203
20.727101501419014,372,32,53,452,203
20.729036351424213,372,32,52,453,203
20.736753435706717,371,33,52,453,203
20.756494635591803,371,33,51,454,203
20.772526876286612,371,33,50,455,203
20.788632505507255,371,33,49,456,203
20.80026748612162,371,32,50,456,203
20.835418532558794,371,31,51,456,203
20.861376808538264,371,31,51,455,204
20.894731241696434,371,31,51,454,205
20.902802635891547,372,31,51,454,205
20.916691672145223,371,31,51,454,206
20.918530353360733,370,31,51,454,207
20.922623325062155,370,31,50,455,207
20.931233298091197,369,32,50,455,207
20.959513569132326,369,31,51,455,207
20.96691336318226,369,31,50,456,207
20.983709602903534,369,30,51,456,207
21.03876726267936,369,30,50,457,207
21.062721263030447,368,30,50,457,208
21.07434876943465,368,30,50,456,209
21.07761707574798,368,30,50,455,210
21.077748636923374,367,31,50,455,210
21.084990103355214,367,31,49,456,210
21.090142065295392,367,30,50,456,210
21.120480363861006,367,29,51,456,210
21.122840350678118,366,29,51,456,211
21.14447593575275,365,30,51,456,211
21.204314641140442,365,30,50,457,211
21.214839655478713,364,31,50,457,211
21.23385685959831,364,31,49,458,211
21.244434219737496,365,31,49,458,211
21.24453282510645,365,30,50,458,211
21.252527287262474,366,30,50,458,211
21.328247924658505,366,29,50,458,212
21.342993971250397,366,28,51,458,212
21.381038103403224,366,27,52,458,212
21.409543828913773,366,27,51,459,212
21.44594347818626,366,26,52,459,212
21.451770659092272,366,26,52,458,213
21.482345037960286,367,26,52,458,213
21.490953957765118,368,26,52,458,213
21.49109196124213,368,25,53,458,213
21.54801398812726,368,25,52,459,213
21.56549460463316,368,25,52,458,214
21.604959986173085,368,25,51,459,214
21.605640007907702,367,26,51,459,214
21.613728080497793,367,26,50,460,214
21.633706441045312,367,25,51,460,214
21.64548910693869,368,25,51,460,214
21.66640000982298,367,25,51,460,215
21.72882990420981,367,25,50,461,215
21.748941990261393,367,25,50,460,216
21.78691524570778,366,25,50,460,217
21.827827985597136,365,26,50,460,217
21.839694084221385,364,26,50,460,218
21.864546917181123,364,26,49,461,218
21.929622693171254,364,26,48,462,218
21.98638208131342,364,26,47,463,218
21.996805375732638,363,27,47,463,218
22.02074081481708,363,26,48,463,218
22.04625888803,363,26,48,462,219
22.081201039644725,362,26,48,462,220
22.082701746821616,362,26,47,463,220
22.086352344126276,361,27,47,463,220
22.11028286519884,361,26,48,463,220
22.14734701708452,361,26,47,464,220
22.1701500606329,361,26,47,463,221
22.18336310102379,362,26,47,463,221
22.183596265432016,362,25,48,463,221
22.26752831750584,362,25,47,464,221
22.270269198540856,361,26,47,464,221
22.285731922387903,361,26,46,465,221
22.285770372393763,361,26,45,466,221
22.305863617934964,361,26,44,467,221
22.306196495106835,361,26,43,467,222
22.32668958854401,361,26,42,468,222
22.33344265046889,360,26,42,468,223
22.347772740400302,359,27,42,468,223
22.36310734307846,358,28,42,468,223
22.392610080142493,357,28,42,468,224
22.429925604137466,357,27,43,468,224
22.431587052039422,357,26,44,468,224
22.456732496439635,357,25,45,468,224
22.473329031140267,358,25,45,468,224
22.484380594588355,359,25,45,468,224
22.523190505365257,358,26,45,468,224
22.54651537830693,359,26,45,468,224
22.553017567699325,360,26,45,468,224
22.555070188291914,360,25,46,468,224
22.570807453451053,359,26,46,468,224
22.61782409972401,358,26,46,468,225
22.62964424993694,358,25,47,468,225
22.671344673618492,358,24,48,468,225
22.721282505114054,357,25,48,468,225
22.737800858949218,357,24,49,468,225
22.751813325160146,357,24,49,467,226
22.753270363308662,357,23,50,467,226
22.77687600353129,356,24,50,467,226
22.77880901572739,356,24,49,468,226
22.78468296100244,357,24,49,468,226
22.849604706546145,357,24,48,469,226
22.855331256071615,357,23,49,469,226
22.876119041053038,356,23,49,469,227
22.89318915093023,356,22,50,469,227
22.927848558948124,356,21,51,469,227
22.96758140482495,355,22,51,469,227
23.02363663383273,355,22,51,468,228
23.05650004514965,355,21,52,468,228
23.08268739250965,355,21,51,469,228
23.088200170188166,355,21,50,470,228
23.09548440784413,355,21,49,470,229
23.106254808377255,355,21,48,471,229
23.13929620501747,355,21,47,472,229
23.23704289711128,355,21,46,473,229
23.248142256002538,356,21,46,473,229
23.273645084415254,356,20,47,473,229
23.28100372118824,356,19,48,473,229
23.288989996808017,356,19,47,474,229
23.31209294435025,356,19,46,475,229
23.31259839876175,356,19,46,474,230
23.316068063407812,355,20,46,474,230
23.328955892955445,355,19,47,474,230
23.329666983654963,354,20,47,474,230
23.354404139483034,353,21,47,474,230
23.387999626358038,353,20,48,474,230
23.393733051318556,353,20,47,475,230
23.428429594710238,352,21,47,475,230
23.431672879417,353,21,47,475,230
23.458455380267157,353,21,46,476,230
23.47611821915044,352,21,46,476,231
23.485581932250454,352,21,45,477,231
23.55369079623742,352,20,46,477,231
23.556936209696286,352,20,45,478,231
23.57645554621532,351,21,45,478,231
23.592403217409228,351,21,44,479,231
23.62548197671681,351,21,43,480,231
23.63570901452099,350,21,43,480,232
23.63950246877763,350,21,42,481,232
23.701721257475047,350,21,41,482,232
23.722746580699145,350,20,42,482,232
23.72995896422492,350,20,41,483,232
23.779414580491235,349,20,41,483,233
23.806733039196843,349,20,40,483,234
23.833865090184254,349,20,39,484,234
23.875810099106378,348,21,39,484,234
23.894948138337483,347,22,39,484,234
23.9381603088469,347,21,40,484,234
23.99474249221958,347,21,39,485,234
24.029604669701587,347,20,40,485,234
24.07207242780947,347,20,40,484,235
24.088728654275126,346,21,40,484,235
24.09889997127538,346,21,40,483,236
24.211887035442846,346,21,39,484,236
24.223129781938532,346,21,38,485,236
24.236107072146996,346,20,39,485,236
24.25859270930482,346,19,40,485,236
24.26514694186075,346,18,41,485,236
24.283848381904203,347,18,41,485,236
24.29620936601893,347,18,40,486,236
24.382662309338443,347,17,41,486,236
24.413284751560177,347,17,40,487,236
24.43277472692864,347,16,41,487,236
24.45914192953078,346,16,41,487,237
24.516620321529967,347,16,41,487,237
24.552236896531046,348,16,41,487,237
24.569080953331447,348,16,40,488,237
24.610613096022,348,16,39,489,237
24.646312695150876,347,17,39,489,237
24.6750719937874,346,17,39,489,238
24.686329619731104,346,16,40,489,238
24.689901534039162,345,16,40,489,239
24.710696283355958,345,15,41,489,239
24.73885236411246,344,15,41,489,240
24.819462257877806,344,14,42,489,240
24.891418016083016,343,14,42,489,241
24.909172040208837,343,14,41,490,241
24.93080153945623,343,14,40,491,241
24.938833273476387,343,14,39,492,241
24.978846795487218,342,15,39,492,241
25.00671812867303,343,15,39,492,241
25.0256675149323,343,15,38,493,241
25.028795532885752,342,16,38,493,241
25.05708115188668,341,17,38,493,241
25.06274551606724,341,17,37,494,241
25.122121065097986,340,17,37,494,242
25.134599031376972,341,17,37,494,242
25.16644254884049,341,17,36,495,242
25.174831688327696,341,17,36,494,243
25.187571536326516,342,17,36,494,243
25.196628709253904,342,17,35,495,243
25.21726840797691,342,17,35,494,244
25.234945845284095,343,17,35,494,244
25.25543049320134,343,17,34,495,244
25.284507124840925,343,17,33,496,244
25.298298870017394,344,17,33,496,244
25.299856092916983,345,17,33,496,244
25.312819795047243,345,17,33,495,245
25.404707150178506,346,17,33,495,245
25.407078098708997,346,17,33,494,246
25.467536336331296,346,16,34,494,246
25.51662751060893,345,17,34,494,246
25.517404105118956,345,16,35,494,246
25.54799126288217,345,15,36,494,246
25.593293436120177,345,15,36,493,247
25.604495791935733,345,14,37,493,247
25.772759042146674,344,15,37,493,247
25.78685582464094,343,16,37,493,247
25.820556417012195,343,16,37,492,248
25.836057657096873,344,16,37,492,248
25.88264264856761,344,16,37,491,249
25.884390458838116,345,16,37,491,249
25.9732027159214,345,16,36,492,249
25.99730375929374,346,16,36,492,249
26.004247859026407,346,16,35,493,249
26.060424776613964,346,15,36,493,249
26.077431980188877,346,14,37,493,249
26.089066228716927,345,15,37,493,249
26.16442979585342,345,15,36,494,249
26.214349073548746,345,14,37,494,249
26.28509276142679,344,14,37,494,250
26.31622982033914,345,14,37,494,250
26.348404628168204,345,14,37,493,251
26.353259235386687,345,14,37,492,252
26.390364569938402,345,13,38,492,252
26.444961382210135,345,13,38,491,253
26.46729336685929,345,13,38,490,254
26.507619025444072,345,13,37,491,254
26.512529250588504,346,13,37,491,254
26.512861314249992,345,13,37,491,255
26.525059356921833,346,13,37,491,255
26.535173312890784,346,12,38,491,255
26.54909125255446,346,12,37,492,255
26.596562612721513,345,13,37,492,255
26.599337741017983,346,13,37,492,255
26.600643673831062,346,13,37,491,256
26.646584569201536,347,13,37,491,256
26.646881003257946,348,13,37,491,256
26.657425917062724,348,13,36,492,256
26.67456127753426,349,13,36,492,256
26.687171599223596,348,13,36,492,257
26.690939985542833,348,13,35,493,257
26.702269331563574,347,14,35,493,257
26.70527677213812,347,13,36,493,257
26.73158218152269,347,13,36,492,258
26.740086012729503,347,12,37,492,258
26.75632703897035,347,12,36,493,258
26.75681839303219,346,13,36,493,258
26.778205041159676,347,13,36,493,258
26.791931159763184,347,12,37,493,258
26.79545279736041,347,12,36,494,258
26.803559672500626,346,13,36,494,258
26.826941318953338,345,14,36,494,258
26.829352326367736,345,13,37,494,258
26.840830904346365,344,14,37,494,258
26.926915433722343,344,14,37,493,259
26.93309828872013,344,14,37,492,260
26.940099537657904,344,13,38,492,260
26.980960434285993,344,13,37,492,261
27.023500785713324,344,13,37,491,262
27.047380258894442,344,13,37,490,263
27.0550253711296,345,13,37,490,263
27.056236722920374,345,13,37,489,264
27.070296755795503,344,13,37,489,265
27.103302785602374,344,12,38,489,265
27.1530853619304,345,12,38,489,265
27.17319561615562,345,11,39,489,265
27.174169725653638,346,11,39,489,265
27.21169427991502,345,12,39,489,265
27.216048871259694,345,12,38,490,265
27.26675494664807,345,12,37,491,265
27.28005328991552,344,13,37,491,265
27.28074592932443,343,14,37,491,265
27.304977679335888,343,13,38,491,265
27.320922807323477,343,12,39,491,265
27.379944247391457,342,13,39,491,265
27.40360681450706,342,13,38,492,265
27.404212355749685,341,13,38,492,266
27.419720236460492,342,13,38,492,266
27.43637784064696,341,14,38,492,266
27.461629217341088,341,14,37,493,266
27.50034480059826,341,14,36,494,266
27.513057045101288,342,14,36,494,266
27.528649514321074,342,14,36,493,267
27.540812525968185,342,14,35,494,267
27.602358738226087,342,13,36,494,267
27.61784072132546,342,13,35,495,267
27.729158839421835,342,12,36,495,267
27.76035586045845,342,11,37,495,267
27.78505140324582,342,11,37,494,268
27.895618677782046,342,11,37,493,269
27.899597873203625,342,11,37,492,270
27.902887888883434,343,11,37,492,270
27.908884473006584,342,11,37,492,271
27.909394572967365,341,11,37,492,272
27.93172393497437,341,11,36,493,272
27.99178654415751,342,11,36,493,272
27.99884803568667,342,11,36,492,273
28.055451498678003,342,11,36,491,274
28.068578386879555,341,11,36,491,275
28.074065469144667,341,10,36,491,276
28.083852510817366,340,10,36,491,277
28.107099137716624,340,10,35,492,277
28.12681215492569,340,10,35,491,278
28.13475662503434,341,10,35,491,278
28.223177606927628,342,10,35,491,278
28.279085599753685,342,9,36,491,278
28.343537035227552,341,10,36,491,278
28.356163187980876,340,11,36,491,278
28.37290611240667,339,11,36,491,279
28.398750376971538,338,11,36,491,280
28.42689689954164,338,11,36,490,281
28.42998741738873,338,11,36,489,282
28.475536220243868,337,12,36,489,282
28.51865599888075,337,12,36,488,283
28.51961360760865,336,13,36,488,283
28.539387369715985,336,13,36,487,284
28.54085293600847,335,13,36,487,285
28.564055603062943,334,14,36,487,285
28.578131509299865,334,14,35,488,285
28.592354267405636,333,14,35,488,286
28.605299550316612,332,15,35,488,286
28.63678004022143,331,15,35,488,287
28.655784856940713,331,15,34,489,287
28.674353173234504,331,14,35,489,287
28.678528011585097,331,14,35,488,288
28.724141410287533,330,14,35,488,289
28.763966511166473,330,14,35,487,290
28.77508105372107,329,14,35,487,291
28.78877144222862,330,14,35,487,291
28.79763330331332,330,14,34,488,291
28.800442772812318,331,14,34,488,291
28.839976168439552,331,14,33,489,291
28.89368297973293,331,14,32,490,291
28.93330055826673,331,14,31,491,291
28.94653729603857,330,15,31,491,291
28.99676354496669,330,15,31,490,292
29.118513681199,330,14,32,490,292
29.1293146771296,330,13,33,490,292
29.19378907594683,330,12,34,490,292
29.206245826124732,330,12,33,491,292
29.215760453754175,329,13,33,491,292
29.221224095212076,329,12,34,491,292
29.24131761094932,330,12,34,491,292
29.262636366195323,330,11,35,491,292
29.262851461794373,329,12,35,491,292
29.31919930579914,330,12,35,491,292
29.38641872619862,331,12,35,491,292
29.42424576544082,331,12,34,491,293
29.430320225077217,331,12,34,490,294
29.508141131732977,331,12,33,491,294
29.51386708092561,331,12,32,492,294
29.528260608757904,331,11,33,492,294
29.554099885828087,330,11,33,492,295
29.558838067385878,330,10,34,492,295
29.564770690099692,330,10,33,493,295
29.57790152311908,330,10,33,492,296
29.625857158302544,330,9,34,492,296
29.655566722003503,330,9,34,491,297
29.68204809461693,330,8,35,491,297
29.807997432304944,329,8,35,491,298
29.814092631410364,329,8,34,492,298
29.828122794943575,328,8,34,492,299
29.87417261214226,328,8,33,493,299
29.884500214447,327,8,33,493,300
29.888312182816165,327,8,32,494,300
29.889871929788253,328,8,32,494,300
29.898304234773985,328,7,33,494,300
29.8983796639875,329,7,33,494,300
29.923663819197806,330,7,33,494,300
29.938477723753373,330,7,32,495,300
29.946238155361385,329,8,32,495,300
29.97327834783671,330,8,32,495,300
29.97630931308774,330,8,31,496,300
30.002884334311553,330,8,30,497,300
30.075883905773587,330,8,29,498,300
30.081942464139562,331,8,29,498,300
30.087952063215994,331,7,30,498,300
30.093741056371925,331,7,30,497,301
30.097272602918007,332,7,30,497,301
30.113240336733167,332,7,30,496,302
30.120237433059664,331,7,30,496,303
30.170020031663512,331,7,30,495,304
30.176580851664756,332,7,30,495,304
30.24773001908357,333,7,30,495,304
30.267182014953615,332,8,30,495,304
30.280861426722065,332,8,30,494,305
30.32197902814562,331,8,30,494,306
30.36186786580496,330,8,30,494,307
30.367180429914583,330,8,29,495,307
30.408026766576132,330,8,28,496,307
30.441599285363704,329,9,28,496,307
30.47579210621117,328,10,28,496,307
30.494406920450025,328,9,29,496,307
30.51710158187511,328,9,28,497,307
30.53146860330576,329,9,28,497,307
30.532872283386546,329,8,29,497,307
30.60172467506731,329,8,29,496,308
30.62710475898163,328,8,29,496,309
30.694147484589095,328,8,29,495,310
30.71379632340577,328,7,30,495,310
30.788855733784615,328,7,30,494,311
30.854902465446,328,7,30,493,312
30.856908453012927,327,7,30,493,313
30.863522947097028,327,7,30,492,314
30.864191581986304,327,7,29,493,314
30.9514791115533,327,6,30,493,314
30.980662154473983,327,6,29,494,314
30.981914918167,327,5,30,494,314
30.9869022062008,326,6,30,494,314
30.987290384686094,326,6,29,495,314
30.99304316114234,325,7,29,495,314
31.028194863324714,325,7,28,496,314
31.033686494812176,325,7,27,497,314
31.051342032199187,326,7,27,497,314
31.077531264212656,326,7,27,496,315
31.08987067637498,326,7,26,497,315
31.16006940172611,327,7,26,497,315
31.19274869097999,327,7,25,498,315
31.298622425433486,327,7,25,497,316
31.316140976682533,327,6,26,497,316
31.33395448375753,327,5,27,497,316
31.376617192147435,326,5,27,497,317
31.394838965160496,326,5,26,498,317
31.398502744260362,326,4,27,498,317
31.426147481835834,326,4,26,499,317
31.490162748608018,325,5,26,499,317
31.521770995169415,325,5,25,500,317
31.53170069017157,325,5,24,501,317
31.553695643439053,325,5,23,502,317
31.56967341964982,324,6,23,502,317
31.572589540884525,324,6,22,503,317
31.58163315279289,324,6,21,504,317
31.583978247428075,324,6,20,505,317
31.5887084189677,324,5,21,505,317
31.615403791252376,324,5,20,505,318
31.727545851660043,324,5,20,504,319
31.809898142070452,324,5,20,503,320
31.832383146904522,323,6,20,503,320
31.857598984498324,322,6,20,503,321
31.884144974014458,322,6,20,502,322
31.89177021555165,323,6,20,502,322
32.077681741990396,322,7,20,502,322
32.15271577449641,323,7,20,502,322
32.274549778269126,323,7,20,501,323
32.338751538875925,323,7,20,500,324
32.47459171681524,323,7,19,501,324
32.54652481704262,323,7,18,502,324
32.68289405839607,322,7,18,502,325
32.71825269631148,321,7,18,502,326
32.80030713212571,322,7,18,502,326
32.83214933769188,321,7,18,502,327
32.84620991030101,320,7,18,502,328
32.85636562023115,319,8,18,502,328
32.89899389389586,318,9,18,502,328
32.92344369911381,317,10,18,502,328
33.05240292153636,317,10,17,503,328
33.14482638643897,317,10,17,502,329
33.180797018280145,317,10,17,501,330
33.19979944380326,317,10,17,500,331
33.212992635910055,317,9,18,500,331
33.21348763267041,317,9,17,501,331
33.21560181126968,317,9,17,500,332
33.22001018913966,318,9,17,500,332
33.225119884685434,318,9,16,501,332
33.29017073948988,318,9,16,500,333
33.31006233762646,318,8,17,500,333
33.312179743068135,318,7,18,500,333
33.31924691718342,317,7,18,500,334
33.35947624438215,316,8,18,500,334
33.36091158926869,316,7,19,500,334
33.43463228733483,315,7,19,500,335
33.435107863596706,316,7,19,500,335
33.447865751382764,315,8,19,500,335
33.50232021124766,315,8,19,499,336
33.52571316247699,316,8,19,499,336
33.533324604762285,315,8,19,499,337
33.62801972857334,316,8,19,499,337
33.64362117182124,317,8,19,499,337
33.67977646975257,317,7,20,499,337
33.68173750643242,318,7,20,499,337
33.68205396180507,317,7,20,499,338
33.81242504246519,317,7,19,500,338
33.839909345525925,317,7,19,499,339
33.85761126061846,318,7,19,499,339
33.86058380279203,318,6,20,499,339
33.9002968726431,318,6,19,500,339
33.95773173304632,317,7,19,500,339
33.9607549717668,316,8,19,500,339
33.96724464270729,316,8,19,499,340
33.968834946558786,316,7,20,499,340
33.97081881717209,316,6,21,499,340
33.98705534318023,315,6,21,499,341
34.07541682460647,316,6,21,499,341
34.09927042005423,316,5,22,499,341
34.11909333328026,316,4,23,499,341
34.15854363592636,316,4,22,500,341
34.166925036287324,316,4,21,501,341
34.16765652033752,316,4,20,502,341
34.25233223858071,316,4,19,503,341
34.25825089847208,316,4,18,504,341
34.26198231488735,316,4,18,503,342
34.315714275647814,316,4,17,504,342
34.35709831007621,316,4,16,505,342
34.41067476659554,315,5,16,505,342
34.57941851724682,315,4,17,505,342
34.691139913854414,314,4,17,505,343
34.78135253842712,314,4,16,506,343
34.821973367716964,314,3,17,506,343
34.83910144168581,314,3,17,505,344
34.88399352255775,313,4,17,505,344
34.89462396210781,314,4,17,505,344
35.043411498206304,314,4,17,504,345
35.17184227501191,314,4,16,505,345
35.17467565285982,313,5,16,505,345
35.19217020771935,312,5,16,505,346
35.223955899357556,312,5,15,506,346
35.30934338446615,313,5,15,506,346
35.321250987230776,313,5,14,507,346
35.36820107478167,314,5,14,507,346
35.42417099996991,315,5,14,507,346
35.46352104981998,314,5,14,507,347
35.47945102880892,315,5,14,507,347
35.52378828877026,316,5,14,507,347
35.585159823183716,317,5,14,507,347
35.59070579428814,318,5,14,507,347
35.59381395611525,317,6,14,507,347
35.62829545707426,317,6,13,508,347
35.68564527542976,317,6,13,507,348
35.731739163930285,316,6,13,507,349
35.77271972900194,315,6,13,507,350
35.77879078748724,315,5,14,507,350
35.81562933700308,315,5,13,508,350
35.87617435513963,315,5,13,507,351
36.015498582219315,314,5,13,507,352
36.031218261760074,314,5,13,506,353
36.03353240112965,315,5,13,506,353
36.06980931521235,316,5,13,506,353
36.221328723405726,317,5,13,506,353
36.34003919028015,317,5,13,505,354
36.35664830875049,318,5,13,505,354
36.39623404762056,319,5,13,505,354
36.46557591497934,319,5,12,506,354
36.50634909400554,319,5,11,507,354
36.52862793578613,319,4,12,507,354
36.54511934755333,319,4,11,508,354
36.565642167087624,318,5,11,508,354
36.59068828303075,318,5,11,507,355
36.60220874490752,319,5,11,507,355
36.64461502464606,318,5,11,507,356
36.65800096466536,318,4,12,507,356
36.707345719446046,317,4,12,507,357
36.71143058998399,316,4,12,507,358
36.763632298980134,316,4,12,506,359
36.765566473036245,316,4,11,507,359
36.77608472342032,316,4,11,506,360
36.78199394240448,315,4,11,506,361
36.79655961830665,314,5,11,506,361
36.839401147478746,315,5,11,506,361
36.841387912274264,316,5,11,506,361
36.93901931913251,316,5,11,505,362
36.99180315008243,316,5,10,506,362
37.032627949976465,315,5,10,506,363
37.03279009031498,315,4,11,506,363
37.064194345863434,315,4,11,505,364
37.06453143864801,315,4,10,506,364
37.09475254386339,316,4,10,506,364
37.10116662801369,315,4,10,506,365
37.10256577716083,315,4,10,505,366
37.152103030975795,315,4,10,504,367
37.22922001416863,316,4,10,504,367
37.2539291239944,316,4,10,503,368
37.3002901209696,315,4,10,503,369
37.31382704648998,316,4,10,503,369
37.33127417641515,317,4,10,503,369
37.5826004411218,318,4,10,503,369
37.58261087491494,318,4,9,504,369
37.59711090167254,317,5,9,504,369
37.66869004831053,318,5,9,504,369
37.70634580689126,318,5,8,505,369
37.85784129956019,317,5,8,505,370
37.89899602053433,318,5,8,505,370
37.936393701080995,319,5,8,505,370
37.96940951744622,319,5,8,504,371
37.991358389279654,320,5,8,504,371
38.11276861456108,319,6,8,504,371
38.11559918599406,318,6,8,504,372
38.16309337485747,318,6,7,505,372
38.21703788973135,317,7,7,505,372
38.23811430330299,317,6,8,505,372
38.41128648509213,317,6,8,504,373
38.423745844231604,318,6,8,504,373
38.492341370740995,318,6,8,503,374
38.6523842178441,317,6,8,503,375
38.66429305127443,317,5,9,503,375
38.90283146596591,318,5,9,503,375
38.97425148834915,318,4,10,503,375
38.97586517347122,319,4,10,503,375
39.086847493784774,320,4,10,503,375
39.118828781917095,320,3,11,503,375
39.13266279536117,320,2,11,503,376
39.16023847048,320,2,11,502,377
39.174829724710285,321,2,11,502,377
39.19382663360237,322,2,11,502,377
39.19808869929889,323,2,11,502,377
39.49934151706313,323,2,10,503,377
39.507412011344485,324,2,10,503,377
39.533645522312774,323,3,10,503,377
39.550240666125454,324,3,10,503,377
39.697512138732506,325,3,10,503,377
39.7599890259976,325,3,10,502,378
39.77560115981161,325,3,9,503,378
39.79181409921242,325,2,10,503,378
39.84660608212901,324,2,10,503,379
40.03773588403467,323,2,10,503,380
40.0904013725995,324,2,10,503,380
40.13651418615585,324,2,10,502,381
40.149831095824254,324,1,11,502,381
40.235333859341026,325,1,11,502,381
40.27485702911736,325,1,11,501,382
40.4058464835493,325,1,11,500,383
40.448158374432225,325,0,12,500,383
40.46496745041061,325,0,12,499,384
40.49414590913225,324,1,12,499,384
40.535188619971485,324,1,12,498,385
40.55084192124431,325,1,12,498,385
40.56114957250733,326,1,12,498,385
40.57722601770217,327,1,12,498,385
40.614366952436,326,1,12,498,386
40.619644231673426,327,1,12,498,386
40.73519371220291,327,1,11,499,386
40.73582553163672,327,1,10,500,386
40.75052583927057,327,1,10,499,387
40.79522423377648,326,1,10,499,388
41.031707828769555,326,1,9,500,388
41.0912192415495,326,1,9,499,389
41.22969814672049,326,1,9,498,390
41.24827815183075,326,1,9,497,391
41.2625410741278,326,1,9,496,392
41.316445829297336,326,1,9,495,393
41.32795271380081,325,1,9,495,394
41.47653512018892,325,1,9,494,395
41.536951999926835,324,1,9,494,396
41.63150054256573,324,1,9,493,397
41.63644751122996,324,1,8,494,397
41.66858223647175,324,1,8,493,398
41.75053952028046,325,1,8,493,398
41.7941743188326,326,1,8,493,398
41.80873705117455,326,1,8,492,399
41.873560342665286,326,1,8,491,400
41.88266899294442,325,2,8,491,400
41.968341390701916,325,2,8,490,401
41.983499998995754,324,2,8,490,402
41.99068855262304,325,2,8,490,402
42.00470198014305,325,2,7,491,402
42.02422920626662,325,1,8,491,402
42.091097273860505,326,1,8,491,402
42.20561820492282,326,0,9,491,402
42.22922853560317,326,0,8,492,402
42.26949501584461,326,0,7,493,402
42.53401342602211,326,0,7,492,403
42.62453615093719,325,0,7,492,404
42.626999803817085,324,0,7,492,405
42.678262779368694,324,0,6,493,405
42.91694163713664,323,0,6,493,406
43.01811615725632,322,0,6,493,407
43.046398363409935,323,0,6,493,407
43.05257691161077,323,0,5,494,407
43.13740401301844,323,0,5,493,408
43.16547871068545,324,0,5,493,408
43.203624198843706,324,0,4,494,408
43.21347997207737,323,0,4,494,409
43.276792281950456,322,0,4,494,410
43.282639693326544,323,0,4,494,410
43.297589635632825,323,0,3,495,410
43.35731184920362,324,0,3,495,410
43.46790228363847,323,0,3,495,411
43.54037242846945,322,0,3,495,412
43.54251385752911,321,0,3,495,413
43.55568847395437,322,0,3,495,413
43.57664088936463,321,0,3,495,414
43.62289205857995,321,0,3,494,415
43.680306736649094,322,0,3,494,415
43.70065920155978,323,0,3,494,415
43.72457110322565,323,0,3,493,416
43.76148322272945,322,0,3,493,417
43.88376868044547,323,0,3,493,417
43.916428204157434,323,0,3,492,418
43.91812175140469,322,0,3,492,419
43.95509018486078,322,0,2,493,419
44.10457838178154,323,0,2,493,419
44.142678355288716,322,0,2,493,420
44.23205446452586,322,0,2,492,421
44.232837851324035,322,0,2,491,422
44.450159524903015,322,0,2,490,423
44.54098498863745,322,0,2,489,424
44.566638969384286,322,0,2,488,425
44.635769713824686,323,0,2,488,425
44.68875800619349,323,0,2,487,426
44.7738311350393,322,0,2,487,427
44.82848236857115,323,0,2,487,427
44.90396134001453,324,0,2,487,427
44.97935352958974,324,0,2,486,428
45.039498746715076,324,0,2,485,429
45.11698746246384,323,0,2,485,430
45.16007018997085,323,0,2,484,431
45.18476853176749,323,0,2,483,432
45.253613842859004,324,0,2,483,432
45.29174926943011,324,0,2,482,433
45.29404082124231,324,0,2,481,434
45.35276853096193,324,0,2,480,435
45.50176249253142,323,0,2,480,436
45.54346669157067,324,0,2,480,436
45.54393809716692,323,0,2,480,437
45.56984852502973,323,0,2,479,438
45.65318016756259,324,0,2,479,438
45.696975385645345,325,0,2,479,438
45.70613944381971,326,0,2,479,438
45.786579299774495,325,0,2,479,439
45.79687996966685,324,0,2,479,440
45.817216526761655,324,0,2,478,441
45.83183294963819,325,0,2,478,441
45.89311342786697,326,0,2,478,441
45.935062066727085,327,0,2,478,441
45.96171857060557,328,0,2,478,441
45.98478098553343,327,0,2,478,442
45.991253258465676,327,0,2,477,443
46.04073962006739,328,0,2,477,443
46.137916801938616,329,0,2,477,443
46.22171606913165,330,0,2,477,443
46.276738797919094,330,0,2,476,444
46.44700627805383,331,0,2,476,444
46.4680258245662,332,0,2,476,444
46.57895091971996,331,0,2,476,445
46.597721981752095,331,0,2,475,446
46.603056127409445,332,0,2,475,446
46.621543732231714,333,0,2,475,446
46.64053634073899,332,0,2,475,447
46.656680410515804,333,0,2,475,447
46.720934713692216,334,0,2,475,447
47.05713310405825,333,0,2,475,448
47.07848478701663,334,0,2,475,448
47.18227677764974,334,0,2,474,449
47.199650632269524,335,0,2,474,449
47.311156983849465,335,0,2,473,450
47.48563527813331,336,0,2,473,450
47.54082332839343,336,0,2,472,451
47.626490914774585,337,0,2,472,451
47.718871873891054,337,0,2,471,452
47.87446014369876,338,0,2,471,452
47.951066347487206,339,0,2,471,452
47.95685193582127,340,0,2,471,452
47.963451642281456,341,0,2,471,452
48.120602344152736,342,0,2,471,452
48.16103431948171,342,0,2,470,453
48.20246178588528,343,0,2,470,453
48.20565987053967,343,0,1,471,453
48.20568517426281,344,0,1,471,453
48.21282078737325,345,0,1,471,453
48.35105413960098,345,0,1,470,454
48.369612671464125,346,0,1,470,454
48.53545334513118,346,0,1,469,455
48.56061815783374,347,0,1,469,455
48.64298795257262,347,0,1,468,456
48.71809422246078,348,0,1,468,456
48.77034255381393,348,0,1,467,457
48.771568452643926,349,0,1,467,457
48.865027262072196,350,0,1,467,457
48.90505479529358,350,0,1,466,458
48.9081860818801,350,0,1,465,459
48.917123038326736,351,0,1,465,459
48.931415408536736,352,0,1,465,459
48.965705045752564,351,1,1,465,459
49.104151026279155,351,1,1,464,460
49.12634648870394,350,1,1,464,461
49.18020477338541,351,1,1,464,461
49.20797320994494,352,1,1,464,461
49.35615409856022,353,1,1,464,461
49.42686022120733,353,1,1,463,462
49.485527214500756,353,0,2,463,462
49.63110060966315,352,0,2,463,463
49.69401354799332,353,0,2,463,463
49.770880330846985,352,1,2,463,463
49.833103289997965,351,1,2,463,464
49.848581330451424,350,1,2,463,465
49.84865976920217,349,1,2,463,466
49.850381401120416,350,1,2,463,466
49.861521149186885,351,1,2,463,466
